name;nl_name;en_name;gini;absoluut-gino;freedom;absoluut-inwoner-aantal;gemiddeld-ink;;;AT;Oostenrijk;Austria;10.5;30.8;10.01;8584926;2165;;;BE;Belgie;Belgium;7.5;28.4;12.8;11258434;2092;;;BG;Bulgarije;Bulgaria;14;34.2;31.42;7202198;324;;;HR;Croatie;Croatia;14;34.2;26.82;4225316;755;;;CY;Cyprus;Cyprus;12.5;32.6;14.45;847008;2223;;;CZ;Tsjechie;Czech Republic;5.5;26.4;10.07;10538275;725;;;DK;Denemarken;Denmark;8.5;29.5;7.43;5659715;2389;;;EE;Estland;Estonia;12.5;32.7;9.63;1313271;832;;;FI;Finland;Finland;6.5;27.6;21.89;5471753;2479;;;FR;Frankrijk;France;13;33.3;31.33;66352469;2183;;;DE;Duitsland;Germany;10;30.1;10.23;81174000;2155;;;GR;Griekenland;Greece;15.5;35.7;20.63;10812467;1262;;;HU;Hongarije;Hungary;8;28.9;26.73;9849000;532;;;IS;IJsland;Iceland;6;27;8.5;329100;2334;;;IE;Ierland;Ireland;13;33.3;10.87;4625885;2186;;;IT;Italie;Italy;14.5;34.5;23.75;60795612;2030;;;LV;Letland;Latvia;16;36;21.1;1986096;379;;;LI;Liechtenstein;Liechtenstein;11.5;31.8;7.02;37369;5314;;;LT;Litouwen;Lithuania;12.5;32.6;19.2;2921262;496;;;LU;Luxenburg;Luxembourg;12.5;32.4;6.7;562958;3187;;;MT;Malta;Malta;7;28;6.52;429344;1006;;;ME;Montenegro;Montenegro;10.5;30.6;6.46;622099;726;;;NL;Nederland;Netherlands;7;28;11.03;16900726;2158;;;NO;Noorwegen;Norway;4.5;25.5;17.73;5165802;3850;;;PL;Polen;Poland;12.5;32.8;11.03;38005614;634;;;PT;Portugal;Portugal;16;36.3;17.73;10374822;1056;;;RO;Romenie;Romania;6;27.2;23.48;19861408;345;;;RS;Servie;Serbia;10;30;25.05;7000000;377;;;SK;Slowakije;Slovakia;5.5;26.5;11.39;5421349;664;;;SI;Slovenie;Slovenia;5;24.9;20.38;2062874;1023;;;ES;Spanje;Spain;16;36;6.4;46439864;1702;;;SE;Zweden;Sweden;6;27.2;8.98;9747355;2825;;;CH;Zwitserland;Switzerland;11.5;31.8;10.47;8236573;2930;;;TR;Turkije;Turkey;20;40;45.87;77695904;510;;;UK;Verenigd Koninkrijk;United Kingdom;10;30;19.93;64767115;2233;;;